file	section	name	length_m	drop_m	gradient_pct	picked
9_Mile_Draw.kml	0	Untitled measurement	4184	327.6	7.8	0
An_Ba_So.kml	0	Approach	456			0
An_Ba_So.kml	1	Descent	560			0
An_Ba_So.kml	2	Exit	1349			0
An_Ba_So.kml	3	Shuttle	6694			0
Angel_Creek.kml	0	Estimated Lower Angel Trail	379	-47.6	-12.5	0
Angel_Creek.kml	1	Estimated Middle Angel Trail	977	-222.1	-22.7	0
Angel_Creek.kml	2	Middle Angel Creek	809	220.5	27.3	1
Angel_Creek.kml	3	Lower Angel Creek	355	79.5	22.4	0
Angel_Creek.kml	4	Exit after 3rd rap	95	-20.1	-21.2	0
Angel_Creek.kml	5	Estimated Return Trail	149	-45.7	-30.6	0
Arachnophobia_Canyon.kml	0	Approach Arachnophobia	1577	-52.3	-3.3	0
Arachnophobia_Canyon.kml	1	Descent Arachnophobi	1819	462.5	25.4	1
Arachnophobia_Canyon.kml	2	Exit Arachnophobia	1614	108.9	6.7	0
Arachnophobia_Canyon.kml	3	Approach From 20 Mule Exit	1466	-10.6	-0.7	0
Arachnophobia_Canyon.kml	4	Alt Ridge Approach	929	63.9	6.9	0
Arachnophobia_Canyon.kml	5	Approach Scorpion	2099	-135.8	-6.5	0
Arachnophobia_Canyon.kml	6	Shuttle	17091	-388.6	-2.3	0
Artist_Canyon.kml	0	Artist approach	455	36.2	7.9	0
Artist_Canyon.kml	1	Artist Shuttle	1877	61.4	3.3	0
Artist_Canyon.kml	2	Artist return	3465	-88.2	-2.5	0
Artist_Canyon.kml	3	Artist descent	324	113.5	35.0	1
Asbestos_Creek.kml	0	Descent	1151	688.6	59.8	1
Atlas_Canyon.kml	0	up ridge - 1.6 mi	2525	-665.5	-26.4	0
Atlas_Canyon.kml	1	Rd - Trail in - 3.2 mi	5064	-23.9	-0.5	0
Atlas_Canyon.kml	2	approach - Exit - 3.1 mi	4947	-262.7	-5.3	0
Atlas_Canyon.kml	3	4-16-16- Atlas Cyn - 1.0 mi	1673	655.3	39.2	1
Axis_Mundi_Canyon.kml	0	Approach	8692	-446.7	-5.1	0
Axis_Mundi_Canyon.kml	1	Descent	659	391.1	59.3	1
Axis_Mundi_Canyon.kml	2	Exit	2418	-204.2	-8.4	0
Axis_Mundi_Canyon.kml	3	Alternate exit	570	70.6	12.4	0
Bailey_Canyon.kml	0	Descent	1194	342.0	28.6	1
Bailey_Canyon.kml	1	Approach	3443	-398.9	-11.6	0
Bailey_Canyon.kml	2	Exit	690	55.2	8.0	0
Behunin_Canyon.kml	0	West Rim Trail	110	-0.7	-0.6	0
Behunin_Canyon.kml	1	West Rim Trail - Approach	6590	-608.0	-9.2	0
Behunin_Canyon.kml	2	Behunin Canyon - Approach	1560	191.1	12.3	0
Behunin_Canyon.kml	3	Behunin Canyon - Descent	1572	314.1	20.0	1
Behunin_Canyon.kml	4	Middle Emerald Pools Trail - Exit	92	-9.6	-10.5	0
Behunin_Canyon.kml	5	Behunin Canyon - Exit	213	64.2	30.1	0
Behunin_Canyon.kml	6	Kayenta Trail - Exit	1240	48.1	3.9	0
Behunin_Canyon.kml	7	Middle Emerald Pools Trail - Exit	1448	47.5	3.3	0
Behunin_Canyon.kml	8	Lower Emerald Pools Trail - Exit	1076	57.1	5.3	0
Behunin_Canyon.kml	9	Emerald Pools Trail - Exit	210	-0.3	-0.1	0
Birch_Hollow.kml	0	Approach	1717	174.8	10.2	0
Birch_Hollow.kml	1	Descent	1224	216.3	17.7	1
Birch_Hollow.kml	2	Exit (to Orderville 4x4 TH)	1832	-94.2	-5.1	0
Birch_Hollow.kml	3	Shuttle Road	8619	-296.0	-3.4	0
Birch_Hollow.kml	4	Wild Wind Hollow	2766	-365.5	-13.2	0
Bitter_Creek.kml	0	Approach	458	20.0	4.4	0
Bitter_Creek.kml	1	Descent	399	26.7	6.7	0
Bitter_Creek.kml	2	Exit	1006	-45.1	-4.5	0
Bluejohn_Canyon_(East_Fork).kml	0	Main Fork BJC - Approach	1244	42.5	3.4	0
Bluejohn_Canyon_(East_Fork).kml	1	Main Fork BJC - Exit Up Canyon	4716	-150.5	-3.2	0
Bluejohn_Canyon_(East_Fork).kml	2	Main Fork BJC - Exit Up Canyon	109	-1.6	-1.5	0
Bluejohn_Canyon_(East_Fork).kml	3	Little West Fork BJC - Exit	3186	-150.0	-4.7	0
Bluejohn_Canyon_(East_Fork).kml	4	West Fork BJC - Exit	4377	-133.0	-3.0	0
Bluejohn_Canyon_(East_Fork).kml	5	East Fork BJC - Approach	629	-3.2	-0.5	0
Bluejohn_Canyon_(East_Fork).kml	6	East Fork BJC - Approach	1280	23.1	1.8	0
Bluejohn_Canyon_(East_Fork).kml	7	East Fork BJC - Descent	1998	95.0	4.8	0
Bluejohn_Canyon_(East_Fork).kml	8	East Fork BJC - Exit	2867	28.0	1.0	0
Bluejohn_Canyon_(East_Fork).kml	9	East Fork BJC - Descent	1457	26.4	1.8	0
Bluejohn_Canyon_(East_Fork).kml	10	Main Fork BJC - Exit Up Canyon	1441	-17.2	-1.2	0
Bolt_Me_Daddy_Canyon.kml	0	Approach	4384	-34.6	-0.8	0
Bolt_Me_Daddy_Canyon.kml	1	Descent	1350	311.8	23.1	1
Bolt_Me_Daddy_Canyon.kml	2	Exit	3396	-319.5	-9.4	0
Bonita_Canyon_(Lytle_Creek_Area).kml	0	Approach ALT	97	-53.9	-55.3	0
Bonita_Canyon_(Lytle_Creek_Area).kml	1	Approach Wash	1568	-212.7	-13.6	0
Bonita_Canyon_(Lytle_Creek_Area).kml	2	Descent	445	163.4	36.7	0
Bonita_Canyon_(Lytle_Creek_Area).kml	3	Exit	1016	49.2	4.8	0
Bonita_Canyon_(Lytle_Creek_Area).kml	4	Approach Brennan Shuttle	2202	586.0	26.6	1
Boulderfest_Canyon.kml	0	Section 1	1301	-61.1	-4.7	0
Boulderfest_Canyon.kml	1	Section 2	187	61.1	32.7	1
Boulderfest_Canyon.kml	2	Section 3	699	-2.1	-0.3	0
Box_Canyon_(British_Columbia).kml	0	Shuttle	1306	-2.2	-0.2	0
Box_Canyon_(British_Columbia).kml	1	Exit - Canoe (Channel)	1005	-0.4	-0.0	0
Box_Canyon_(British_Columbia).kml	2	Exit - Canoe (Shortcut)	468	-2.3	-0.5	0
Box_Canyon_(British_Columbia).kml	3	Approach - Canoe (Shortcut)	458	3.2	0.7	0
Box_Canyon_(British_Columbia).kml	4	Exit - Hike	977	-74.8	-7.7	0
Box_Canyon_(British_Columbia).kml	5	Exit - Canoe	982	0.1	0.0	0
Box_Canyon_(British_Columbia).kml	6	Approach - Canoe (High Tide)	848	1.4	0.2	0
Box_Canyon_(British_Columbia).kml	7	Approach - Canoe (Low Tide)	628	0.9	0.1	0
Box_Canyon_(British_Columbia).kml	8	Descent	252	96.4	38.3	1
Box_Canyon_(British_Columbia).kml	9	Approach - Hike	1396	-177.8	-12.7	0
Boy_Scout_Canyon.kml	0	Exit	3396	-319.5	-9.4	0
Boy_Scout_Canyon.kml	1	Approach	2414	80.2	3.3	0
Boy_Scout_Canyon.kml	2	Non-technical	978	87.1	8.9	1
Boy_Scout_Canyon.kml	3	Descent	331	62.2	18.8	0
Buckeyes_Canyon.kml	0	Buckeyes Canyon - Dirt Track	489	-21.7	-4.4	0
Buckeyes_Canyon.kml	1	Buckeyes Canyon - Exit	1142	-16.6	-1.5	0
Buckeyes_Canyon.kml	2	Buckeyes Canyon - Approach	1879	-251.0	-13.4	0
Buckeyes_Canyon.kml	3	Buckeyes Canyon - Upper Section	275	118.7	43.2	0
Buckeyes_Canyon.kml	4	Buckeyes Canyon - Lower Section	359	118.8	33.1	1
Buckeyes_Canyon.kml	5	Buckeyes Canyon - Hike-A-Canyon Section	342	30.1	8.8	0
Bunker_Hills_Spring_Canyon.kml	0	Approach	160	83.5	52.1	0
Bunker_Hills_Spring_Canyon.kml	1	Bunker Hill Canyon	1910	181.0	9.5	1
Bunker_Hills_Spring_Canyon.kml	2	Section 3	4117	-140.7	-3.4	0
Bunker_Hills_Spring_Canyon.kml	3	exit	2645	-116.5	-4.4	0
Butte_Creek.kml	0	Approach	200	20.2	10.1	0
Butte_Creek.kml	1	Descent	401	66.7	16.6	1
Butte_Creek.kml	2	Exit	546	-88.1	-16.1	0
Butte_Creek.kml	3	Drive	3209	168.0	5.2	0
Cabin_Creek.kml	0	Exit	486	-5.7	-1.2	0
Cabin_Creek.kml	1	Approach	890	-84.4	-9.5	0
Cabin_Creek.kml	2	Descent	118	88.8	75.3	1
Camp_Creek.kml	0	Exit (alternate)	2100	-48.1	-2.3	0
Camp_Creek.kml	1	Approach	4102	-288.4	-7.0	0
Camp_Creek.kml	2	Descent	390	105.4	27.0	1
Canaletes.kml	0	Descent	527			0
Canaletes.kml	1	Exit	906			0
Canaletes.kml	2	Approach	1362			0
Canaletes.kml	3	Approach 1er rapel	760			0
Canyon_of_the_Waterfalls.kml	0	Waterfalls	6784	71.3	1.1	0
Carcass_Canyon_(West_Fork).kml	0	Carcass W Fork	444	208.4	46.9	0
Carcass_Canyon_(West_Fork).kml	1	12-24-11 - Carcass W Fork - down -	342	175.3	51.3	0
Carcass_Canyon_(West_Fork).kml	2	12-24-11 - Carcass W Fork  - up - 1.0 mi	1645	-798.5	-48.6	0
Carcass_Canyon_(West_Fork).kml	3	12-24 -11 - approach - 0.8 mi	1341	-104.1	-7.8	0
Carcass_Canyon_(West_Fork).kml	4	12-1-12 down - 2.3 mi	3776	1326.6	35.1	1
Carcass_Canyon_(West_Fork).kml	5	12-1-12 - Carcass - Main Fork - up - 1.8 mi	2899	-1285.8	-44.4	0
Carrolls_Creek.kml	0	Entry	1450			0
Carrolls_Creek.kml	1	Exit	8134			0
Cassidy_Canyon.kml	0	Cassidy Arch Approach	362	7.5	2.1	0
Cassidy_Canyon.kml	1	Cassidy Arch Approach	2066	-178.1	-8.6	0
Cassidy_Canyon.kml	2	Cassidy Arch Approach	30	-0.1	-0.4	0
Cassidy_Canyon.kml	3	Cassidy Arch Approach	23	4.0	17.5	0
Cassidy_Canyon.kml	4	Cassidy Canyon	323	89.1	27.5	1
Cassidy_Canyon.kml	5	Cassidy Arch Exit	1001	77.6	7.8	0
Cattle_Canyon.kml	0	8.2 mi	13188	117.6	0.9	0
Cattle_Canyon.kml	1	4.6 mi	7457	-1573.0	-21.1	0
Cattle_Canyon.kml	2	2.1 mi - down	3436	1372.9	40.0	1
Cattle_Canyon.kml	3	1.1 mi on Hwy	1712	82.9	4.8	0
Cedros_(Upper).kml	0	Descent	191			0
Centaur.kml	0	Centaur Canyon	2249	-22.4	-1.0	0
Change_Creek.kml	0	Approach	1229	-224.8	-18.3	0
Change_Creek.kml	1	Approach (Alternate Flagged Trail)	527	-152.6	-28.9	0
Change_Creek.kml	2	Descent	427	168.2	39.4	1
Change_Creek.kml	3	Exit	399	49.8	12.5	0
Chipitin.kml	0	Exit	1248	-282.0	-22.6	0
Chipitin.kml	1	Approach	1156	125.0	10.8	0
Chipitin.kml	2	Descent	558	157.0	28.1	1
Colossal_Canyon.kml	0	Approach	3142	-474.4	-15.1	0
Colossal_Canyon.kml	1	Descent	2013	456.6	22.7	1
Colossal_Canyon.kml	2	Exit	708	15.7	2.2	0
Crater_of_Doom_Canyon.kml	0	TRAIL TO FALL - 0.8 mi	1327	-94.6	-7.1	0
Crater_of_Doom_Canyon.kml	1	OPTION UP TO CYN 6	556	-20.0	-3.6	0
Crater_of_Doom_Canyon.kml	2	FALL CANYON MAIN FORK	5023	468.3	9.3	1
Crater_of_Doom_Canyon.kml	3	DISMAL SINKHOLE - 2-9-14 - N SIDE OF FALL	576	102.6	17.8	0
Crater_of_Doom_Canyon.kml	4	2-9-14 - up - 0.4 mi - CYN 5	680	-286.2	-42.1	0
Crater_of_Doom_Canyon.kml	5	2-9-14 - DEEP CHASM - down - CYN 4	1189	465.1	39.1	0
Crater_of_Doom_Canyon.kml	6	2-8-14 - up to Cyn 6 - 0.6 mi	983	-325.1	-33.1	0
Crater_of_Doom_Canyon.kml	7	2-8-14 - DARK SHADOW CANYON - down - CYN 5	871	338.2	38.8	0
Crater_of_Doom_Canyon.kml	8	2-8-14 - CRATER OF DOOM - down - CYN 6	612	197.4	32.2	0
Crater_of_Doom_Canyon.kml	9	1-19-14 - to 3rd cyn	2369	-236.8	-10.0	0
Crater_of_Doom_Canyon.kml	10	1-19-14 - PRECIPICE CANYON - 3rd cyn	484	186.9	38.7	0
Crater_of_Doom_Canyon.kml	11	1-18-14 up - 1st lap	2172	-314.7	-14.5	0
Crater_of_Doom_Canyon.kml	12	1-18-14 - SHORTCUT BACK UP AGAIN	752	-232.0	-30.8	0
Crater_of_Doom_Canyon.kml	13	1-18-14 - HOBBIT CANYON - down 1st cyn	187	156.0	83.4	0
Crater_of_Doom_Canyon.kml	14	1-18-14 - BLACK VOID - down 2nd cyn	182	146.7	80.7	0
Cremation_Canyon.kml	0	Approach	11207	1187.6	10.6	1
Cremation_Canyon.kml	1	Descent	657	249.4	38.0	0
Cremation_Canyon.kml	2	Exit	17787	-1340.4	-7.5	0
Cremation_Canyon.kml	3	Spur to Phantom Ranch	775	-24.7	-3.2	0
Cremation_Canyon.kml	4	Shuttle Route	7299	-92.0	-1.3	0
Cyclops_Canyon.kml	0	Juggernaut Cyn	1146	569.1	49.6	0
Cyclops_Canyon.kml	1	exit back - 4.0 mi	6477	300.4	4.6	0
Cyclops_Canyon.kml	2	approach up Ridge- 1.3 mi	2014	-705.4	-35.0	0
Cyclops_Canyon.kml	3	5-3-16 - Cyclops Cyn	2234	725.7	32.5	1
Danae_Brook_Canyon.kml	0	Danae Brook Entry (avoiding thickets)	4915			0
Danae_Brook_Canyon.kml	1	Danae Brook Exit	867			0
Danae_Brook_Canyon.kml	2	Danae Exit	4206			0
Darwin_Falls.kml	0	4WD Road (Optional Shuttle)	7845	-188.9	-2.4	0
Darwin_Falls.kml	1	Approach	2950	-144.4	-4.9	0
Darwin_Falls.kml	2	Descent	653	97.5	14.9	1
Darwin_Falls.kml	3	Exit	1339	43.8	3.3	0
Darwin_Falls.kml	4	Approach from top	1183	42.7	3.6	0
Das_Pfeife_Canyon.kml	0	Approach Das Pfeife	255	18.5	7.2	0
Das_Pfeife_Canyon.kml	1	Descent Das Pfeife	232	144.8	62.5	1
Das_Pfeife_Canyon.kml	2	Raft out	808	2.8	0.3	0
Das_Pfeife_Canyon.kml	3	Exit	1944	-170.7	-8.8	0
Das_Soup_Canyon.kml	0	Descent Das Soup	304	126.6	41.7	1
Das_Soup_Canyon.kml	1	Raft out	796	28.7	3.6	0
Das_Soup_Canyon.kml	2	Exit	1944	-170.7	-8.8	0
Deer_Creek_(MRNP).kml	0	Approach	131	8.2	6.2	0
Deer_Creek_(MRNP).kml	1	Descent	693	107.5	15.5	1
Deer_Creek_(MRNP).kml	2	Exit	796	-115.0	-14.5	0
Deimos_Canyon.kml	0	Exit	433	29.2	6.7	0
Deimos_Canyon.kml	1	Approach	2658	-803.2	-30.2	0
Deimos_Canyon.kml	2	Descent	1805	772.8	42.8	1
Devil_s_Tail_Canyon.kml	0	Section 1	10145	-909.0	-9.0	0
Devil_s_Tail_Canyon.kml	1	Section 2	5226	846.3	16.2	1
Devil_s_Tail_Canyon.kml	2	Section 3	592	57.3	9.7	0
Dhalgren_Canyon.kml	0	Approach	277	10.3	3.7	0
Dhalgren_Canyon.kml	1	Descent	246	43.1	17.5	1
Dhalgren_Canyon.kml	2	Exit	1088	-53.4	-4.9	0
Dothraki.kml	0	Water Canyon Road - Shuttle / Approach / Exit	1443	-12.1	-0.8	0
Dothraki.kml	1	Dothraki - Water Canyon Approach	6963	-545.2	-7.8	0
Dothraki.kml	2	Dothraki - Dirt Road Approach	975	-156.6	-16.1	0
Dothraki.kml	3	Dothraki - Dragon's Back Approach	2190	-403.7	-18.4	0
Dothraki.kml	4	West Fork of Dothraki	541	183.1	33.9	0
Dothraki.kml	5	Dothraki - Dragon's Back Approach	183	-16.6	-9.0	0
Dothraki.kml	6	Dothraki - Descent	1169	418.3	35.8	1
Dothraki.kml	7	Dothraki - Exit	103	33.8	32.8	0
Dothraki.kml	8	Dothraki - Drainage Exit	1323	122.5	9.3	0
Dry_Canyon.kml	0	Shuttle route	3476	-143.2	-4.1	0
Dry_Canyon.kml	1	Descent	239	108.1	45.2	1
Dry_Canyon.kml	2	Exit	607	35.1	5.8	0
Dry_Creek.kml	0	Approach Bushwhack (EF)	789	-189.4	-24.0	0
Dry_Creek.kml	1	Approach Bushwhack (WF)	1127	-260.4	-23.1	0
Dry_Creek.kml	2	Approach Bushwhack (WF Optional Waterfall)	230	26.4	11.5	0
Dry_Creek.kml	3	Approach Hike	1806	-149.5	-8.3	0
Dry_Creek.kml	4	Descent (Main Fork)	389	132.5	34.1	0
Dry_Creek.kml	5	Descent (West Fork)	546	156.6	28.7	1
Dry_Creek.kml	6	Descent (West Fork)	139	54.5	39.4	0
Dry_Creek.kml	7	Exit Hike	1658	149.4	9.0	0
Dry_Creek.kml	8	Road	1203	-29.7	-2.5	0
Eagle_Creek_Canyon.kml	0	Exit	1279	20.4	1.6	0
Eagle_Creek_Canyon.kml	1	Approach	5680	-160.1	-2.8	0
Eagle_Creek_Canyon.kml	2	Descent	4041	139.6	3.5	0
Eardley_Canyon_(Lower).kml	0	Lower Straight Wash - Approach/Exit	1929	-17.2	-0.9	0
Eardley_Canyon_(Lower).kml	1	Lower Straight Wash - Approach/Exit	1242	-38.2	-3.1	0
Eardley_Canyon_(Lower).kml	2	Lower Straight Wash - Approach/Exit	511	-10.6	-2.1	0
Eardley_Canyon_(Lower).kml	3	Rincon Shortcut	477	38.2	8.0	1
Eardley_Canyon_(Lower).kml	4	(Lower) Eardley Canyon - Drop-In Approach	1157	-73.4	-6.3	0
Eardley_Canyon_(Lower).kml	5	(Lower) Eardley Canyon - Standard Approach	3342	-73.4	-2.2	0
Eardley_Canyon_(Lower).kml	6	(Lower) Eardley Canyon - Descent	171	30.6	17.9	0
Eardley_Canyon_(Lower).kml	7	(Lower) Eardley Canyon - Exit	211	10.3	4.9	0
Eardley_Canyon_(Lower).kml	8	(Lower) Eardley Canyon - Hike-a-Canyon Section	632	32.5	5.1	0
East_Fork_Fat_Man_s_Misery.kml	0	Approach EF Fat Man's	5676	108.0	1.9	0
East_Fork_Fat_Man_s_Misery.kml	1	EF Fat Man's	4373	206.0	4.7	0
East_Fork_Fat_Man_s_Misery.kml	2	Exit Fat Man's	2888	-334.5	-11.6	0
End_of_the_Rope.kml	0	End of the Rope	1806	-229.6	-12.7	0
End_of_the_Rope.kml	1	End of the Rope	515	13.0	2.5	0
End_of_the_Rope.kml	2	End of the Rope	283	217.0	76.6	1
End_of_the_Rope.kml	3	Alternate Approach	402	-51.9	-12.9	0
Esguilhao.kml	0	Descent	891			0
Fall_Creek.kml	0	Fall Creek Approach	3802	127.5	3.4	0
Fall_Creek.kml	1	Fall Creek Alt. Drop-In Approx.	97	30.6	31.7	0
Fall_Creek.kml	2	Fall Creek Descent	525	79.4	15.1	1
Fall_Creek.kml	3	Fall Creek Exit	460	-9.2	-2.0	0
Fish_Canyon.kml	0	Approach	4101	-229.9	-5.6	0
Fish_Canyon.kml	1	Descent	169	35.0	20.7	1
Fish_Canyon.kml	2	Exit	3589	190.1	5.3	0
Fish_Fork.kml	0	Approach - Lupine	6689	172.0	2.6	0
Fish_Fork.kml	1	Exit - Heaton Flat	11285	398.7	3.5	0
Fish_Fork.kml	2	Exit - Loop	12981	-974.2	-7.5	0
Fish_Fork.kml	3	Fish Fork Canyon	7749	801.6	10.3	1
Fish_River_(Haast_Pass).kml	0	Fish River v4a5IV***	1761			0
Flying_Cactus_Canyon.kml	0	Descent 1	3627	503.4	13.9	1
Flying_Cactus_Canyon.kml	1	Approach	2874	-493.9	-17.2	0
Fornocal.kml	0	Approach	3013			0
Fornocal.kml	1	Descent	3241			0
Fornocal.kml	2	Exit	103			0
Fornocal.kml	3	Shuttle	6685			0
Furco.kml	0	Approach	655			0
Furco.kml	1	Descent	442			0
Furco.kml	2	Exit	80			0
Furco.kml	3	Exit (no shuttle)	426			0
Gastropod_Casket_Canyon.kml	0	approach - 4.3 mi	6898	186.0	2.7	0
Gastropod_Casket_Canyon.kml	1	2-20-16 - Gastropod Casket - up - 1.1 mi	1828	-472.4	-25.8	0
Gastropod_Casket_Canyon.kml	2	2-20-16 - Gastropod Casket -	1878	467.5	24.9	1
Gleniffer_Canyon.kml	0	Entry Track	4364			0
Gleniffer_Canyon.kml	1	Exit Track	4058			0
Gloces.kml	0	Approach	1157			0
Gloces.kml	1	Descent	541			0
Gloces.kml	2	Exit	1209			0
Gloces.kml	3	Shortcut	412			0
Golden_Fleece_Canyon.kml	0	Approach	1276	-78.4	-6.1	0
Golden_Fleece_Canyon.kml	1	Descent	153	68.7	44.9	1
Golden_Fleece_Canyon.kml	2	Exit	127	9.6	7.5	0
Grande_(Lower).kml	0	Descent	959			0
Graveyard_Canyon.kml	0	12-16-11 - Graveyard Canyon - up - 0.8 mi	1366	-221.6	-16.2	0
Graveyard_Canyon.kml	1	12-16-11 - Graveyard Canyon - down - 0.8 mi	1302	220.5	16.9	1
Grizzly_Canyon_(Sedona).kml	0	Shuttle	1152	-8.7	-0.8	0
Grizzly_Canyon_(Sedona).kml	1	Approach	5005	-444.5	-8.9	0
Grizzly_Canyon_(Sedona).kml	2	Descent	636	362.8	57.1	1
Grizzly_Canyon_(Sedona).kml	3	Exit	2026	90.4	4.5	0
Grotto_Canyon_(Death_Valley_National_Park).kml	0	P GR 4. - 2-7-10 - EAST FORK - down	2663	621.5	23.3	0
Grotto_Canyon_(Death_Valley_National_Park).kml	1	P GR 3. - 3-27-11 - GROTTO S FORK (aka - MIDDLE FORK) - down	3436	740.3	21.5	0
Grotto_Canyon_(Death_Valley_National_Park).kml	2	P GR 2. - 11-5-11 SW FORK -	1575	570.0	36.2	0
Grotto_Canyon_(Death_Valley_National_Park).kml	3	P GR 1. - 11-9-08 NW FORK - down	903	498.5	55.2	0
Grotto_Canyon_(Death_Valley_National_Park).kml	4	P GR - GROTTO MAIN CANYON ( Chris Brennen Track)	4973	1045.9	21.0	1
Grotto_Canyon_(Death_Valley_National_Park).kml	5	MOSAIC CANYON NW RIDGE APPROACH	2955	-805.5	-27.3	0
Grotto_Canyon_(Death_Valley_National_Park).kml	6	HIKE-UP FROM GROTTO	6708	-952.1	-14.2	0
Grotto_Canyon_(Death_Valley_National_Park).kml	7	3-27-11 - GROTTO  (E RIDGE) - up - 3.5 mi	5583	-973.3	-17.4	0
Hager_Canyon.kml	0	Descent	568	123.6	21.8	1
Hager_Canyon.kml	1	Approach	245	-30.1	-12.3	0
Hager_Canyon.kml	2	Exit	362	-95.0	-26.2	0
Hager_Canyon.kml	3	Shuttle Exit	666	66.5	10.0	0
Hager_Canyon.kml	4	Shuttle (Optional)	2540	-159.8	-6.3	0
Hammer_Mjolnir_Canyon.kml	0	13. - HAMMER MJOLNIR CANYON - up - 12-8-12 - 2.5 mi - Eureka	4018	-1138.0	-28.3	0
Hammer_Mjolnir_Canyon.kml	1	13. - HAMMER MJOLNIR CANYON - down - 12-8-12 - 3.1 mi - Eure	4959	1139.0	23.0	1
Hammer_Mjolnir_Canyon.kml	2	12. -  BEOWOLF CANYON - down - 2-22-13 - 1.4 mi -  Eureka 12	2181	940.0	43.1	0
Harphan_Creek.kml	0	Approach	4124	-314.7	-7.6	0
Harphan_Creek.kml	1	Descent	330	164.6	50.0	1
Harphan_Creek.kml	2	Exit	1449	150.6	10.4	0
Havasu_Canyon.kml	0	HikeMesaTrail	1543	-87.3	-5.7	0
Havasu_Canyon.kml	1	HikeToCamp	15250	739.6	4.8	0
Havasu_Canyon.kml	2	HikeToColoradoRiver	9720	270.1	2.8	0
Hidden_Bridge_Canyon.kml	0	Hidden Bridge Canyon - exit loop option - 7.3 mi	11680	159.1	1.4	0
Hidden_Bridge_Canyon.kml	1	Hidden Bridge Canyon - approach - option 2 - 7.8 mi	12459	-406.0	-3.3	0
Hidden_Bridge_Canyon.kml	2	CN 17. - 2-3-13 - ONE DROP CYN - down - 3.7 mi	5915	306.3	5.2	0
Hidden_Bridge_Canyon.kml	3	CN 16. - 2-3-13 - HIDDEN BRIDGE CYN - down - 1.3 mi	2016	247.1	12.3	1
Hidden_Bridge_Canyon.kml	4	2-3-13 up - 0.2 mi	379	-41.9	-11.0	0
Hidden_Bridge_Canyon.kml	5	2-3-13 - HIDDEN BRIDGE CANYON - up - 1.5 mi	2422	-263.1	-10.9	0
Hidden_Bridge_Canyon.kml	6	2-3-13 - HIDDEN BRIDGE CANYON - up - 1.5 mi	2422	-263.1	-10.9	0
Hidden_Star_Canyon.kml	0	Hidden Star Canyon - Descent	302	78.3	25.9	1
Hidden_Star_Canyon.kml	1	Hidden Star Canyon - Approach	32	3.4	10.7	0
Hidden_Star_Canyon.kml	2	Hidden Star Canyon - Exit	224	-81.7	-36.5	0
Hidden_Star_Canyon.kml	3	Hidden Star Canyon - Approach / Exit	914	32.6	3.6	0
Hidden_Star_Canyon.kml	4	Dirt Road	377	-2.0	-0.5	0
High_Falls.kml	0	Descent	1113	361.4	32.5	1
High_Falls.kml	1	Exit	97	1.8	1.8	0
High_Falls.kml	2	Approach	285	90.2	31.7	0
High_Falls.kml	3	Shuttle	5122	-453.8	-8.9	0
Hog_Canyon.kml	0	Section 1	1277	-32.5	-2.5	0
Hog_Canyon.kml	1	Section 2	525	107.5	20.5	1
Hog_Canyon.kml	2	Section 3	414	-70.9	-17.1	0
Hogwarts_Canyon.kml	0	Approach	1036	-100.3	-9.7	0
Hogwarts_Canyon.kml	1	Descent	315	104.0	33.0	1
Hogwarts_Canyon.kml	2	Exit	645	-4.2	-0.6	0
Hooter_Canyon.kml	0	Unicorn Canyon - 1.0 mi	1438	243.3	16.9	0
Hooter_Canyon.kml	1	Tower Canyon - 0.5 mi	613	235.5	38.4	0
Hooter_Canyon.kml	2	optional ascent route -	1064	-291.1	-27.4	0
Hooter_Canyon.kml	3	Hooter Canyon - 0.6 mi	995	370.9	37.3	1
Hooter_Canyon.kml	4	exit back - 3.1 mi	5038	197.6	3.9	0
Hooter_Canyon.kml	5	ascend to Hooter Cyn - 1.1 mi	1803	-378.9	-21.0	0
Hooter_Canyon.kml	6	Approach - 2.6 mi	4163	-202.0	-4.9	0
Hoya_de_la_Luz.kml	0	Road	15705	-1299.0	-8.3	0
Hoya_de_la_Luz.kml	1	Approach / Exit	3552	-364.0	-10.2	0
Ice_Cube_Canyon_(The_Maze).kml	0	Approach	7364	-662.8	-9.0	0
Ice_Cube_Canyon_(The_Maze).kml	1	Descent	3242	677.5	20.9	1
Ice_Cube_Canyon_(The_Maze).kml	2	Exit	2242	-14.7	-0.7	0
Illiam_Canyon.kml	0	Approach	3826	-373.4	-9.8	0
Illiam_Canyon.kml	1	Descent	690	324.6	47.0	1
Illiam_Canyon.kml	2	Exit	2278	7.6	0.3	0
Illiam_Canyon.kml	3	Shuttle	2611	41.2	1.6	0
Inconceivable_Canyon.kml	0	MIRACLE MAX - up - 1.4 mi	2260	-417.5	-18.5	0
Inconceivable_Canyon.kml	1	FIRE SWAMP - up from S - 0.7 mi	1051	-49.8	-4.7	0
Inconceivable_Canyon.kml	2	FIRE SWAMP - up - from N	302	33.6	11.1	0
Inconceivable_Canyon.kml	3	CS 9. - 2-2-12 - PREPARE TO DIE CANYON -	1019	172.0	16.9	0
Inconceivable_Canyon.kml	4	CS 8. - 12-7-13 - LIGHTENING SANDS CANYON - down	1288	241.3	18.7	0
Inconceivable_Canyon.kml	5	CS 7. - 12-2-12 - BUTERCUP CANYON - down	863	339.6	39.3	0
Inconceivable_Canyon.kml	6	CS 6. - 12-2-12 - INCONCEIVABLE CANYON - down	1650	382.1	23.2	0
Inconceivable_Canyon.kml	7	CS 5. - 5-6-12 - FIRESWAMP CANYON - down	1083	382.5	35.3	0
Inconceivable_Canyon.kml	8	CS 4. - 11-3-12  - CLIFFS OF INSANITY - down	945	330.7	35.0	0
Inconceivable_Canyon.kml	9	CS 3. - 11-4-12 - PIT OF DESPAIR -	827	270.4	32.7	0
Inconceivable_Canyon.kml	10	CS 2. - 12-8-13 - SHRIEKING EELS - down - 1.6 mi	2595	410.3	15.8	0
Inconceivable_Canyon.kml	11	CS 2 - SHRIEKING EELS - up - 12-8-13 - 1.9 mi	3035	-413.9	-13.6	0
Inconceivable_Canyon.kml	12	CS 12 - HUMPERDINK CANYON - down - 0.4 mi	601	178.8	29.8	0
Inconceivable_Canyon.kml	13	CS 11. - 2-17-13 - MIRACLE MAX W FORK - down	635	254.6	40.1	0
Inconceivable_Canyon.kml	14	CS 10. - 2-2-12  - MIRACLE MAX CANYON - down	2250	254.1	11.3	0
Inconceivable_Canyon.kml	15	CS 1. - 12-9-13 - WARTHOG CANYON - down - 1.8 mi	2893	469.5	16.2	1
Inconceivable_Canyon.kml	16	APPROACH 2 - 2.3 mi	3726	114.4	3.1	0
Inconceivable_Canyon.kml	17	APPROACH - 1.6 MI	2548	-133.3	-5.2	0
Inconceivable_Canyon.kml	18	5-6-12 - Fireswamp - up	638	-24.9	-3.9	0
Inconceivable_Canyon.kml	19	12-9-13 - WARTHOG - up - 1.8 mi	2932	-464.9	-15.9	0
Inconceivable_Canyon.kml	20	12-2-12 - Inconceivable - up -1.3 mi	1374	-104.9	-7.6	0
Island_In_The_Sky.kml	0	Island in the Sky - Approach	469	14.3	3.0	0
Island_In_The_Sky.kml	1	Island in the Sky - Climb / Traverse	919	-144.2	-15.7	0
Island_In_The_Sky.kml	2	Island in the Sky - Descent	533	141.6	26.5	1
Island_In_The_Sky.kml	3	Island in the Sky - Exit	174	22.2	12.8	0
Josephine_Creek.kml	0	Approach	220	-11.7	-5.3	0
Josephine_Creek.kml	1	Descent	489	171.2	35.0	1
Josephine_Creek.kml	2	Exit	1217	-159.9	-13.1	0
KC_Canyon.kml	0	KC approach	28	1.1	4.0	0
KC_Canyon.kml	1	KC approach	122	10.1	8.3	0
KC_Canyon.kml	2	KC approach	44	34.2	78.4	0
KC_Canyon.kml	3	KC approach	73	-3.7	-5.2	0
KC_Canyon.kml	4	KC approach	32	-19.8	-62.2	0
KC_Canyon.kml	5	KC approach	43	-17.0	-39.8	0
KC_Canyon.kml	6	KC approach	94	-46.2	-49.3	0
KC_Canyon.kml	7	KC approach	46	-26.9	-58.6	0
KC_Canyon.kml	8	KC approach	64	-32.2	-50.6	0
KC_Canyon.kml	9	KC approach	66	-45.1	-68.4	0
KC_Canyon.kml	10	KC approach	44	-26.4	-59.2	0
KC_Canyon.kml	11	KC approach	125	-35.3	-28.2	0
KC_Canyon.kml	12	KC approach	75	-17.9	-23.7	0
KC_Canyon.kml	13	KC approach	140	-4.2	-3.0	0
KC_Canyon.kml	14	KC approach	19	9.6	49.8	0
KC_Canyon.kml	15	KC approach	20	-0.1	-0.6	0
KC_Canyon.kml	16	KC descent	66	34.4	51.9	0
KC_Canyon.kml	17	KC descent	56	36.0	64.2	0
KC_Canyon.kml	18	KC descent	149	36.8	24.8	0
KC_Canyon.kml	19	KC descent	34	16.8	49.2	0
KC_Canyon.kml	20	KC descent	47	19.9	42.1	0
KC_Canyon.kml	21	KC descent	125	5.4	4.3	0
KC_Canyon.kml	22	KC descent	38	30.2	80.4	0
KC_Canyon.kml	23	KC descent	67	52.3	77.6	1
KC_Canyon.kml	24	KC descent	18	12.8	72.9	0
KC_Canyon.kml	25	KC exit	86	1.5	1.7	0
KC_Canyon.kml	26	KC exit	54	-41.4	-76.2	0
KC_Canyon.kml	27	KC exit	88	8.4	9.6	0
KC_Canyon.kml	28	KC exit	64	1.0	1.6	0
KC_Canyon.kml	29	KC exit	33	1.7	5.3	0
Kalang_Falls_Canyon.kml	0	Kalang Falls Route	797			0
Kalang_Falls_Canyon.kml	1	Kalang Falls Route	21			0
Kalang_Falls_Canyon.kml	2	Kalang Falls Route	28			0
Kalang_Falls_Canyon.kml	3	Kalang Falls Route	17			0
Kalang_Falls_Canyon.kml	4	Kalang Falls Route	19			0
Kalang_Falls_Canyon.kml	5	Kalang Falls Route	24			0
Kalang_Falls_Canyon.kml	6	Kalang Falls Route	27			0
Kalang_Falls_Canyon.kml	7	Kalang Falls Route	23			0
Kalang_Falls_Canyon.kml	8	Kalang Falls Route	30			0
Kalang_Falls_Canyon.kml	9	Kalang Falls Route	24			0
Kalang_Falls_Canyon.kml	10	Kalang Falls Route	25			0
Kalang_Falls_Canyon.kml	11	Kalang Falls Route	25			0
Kalang_Falls_Canyon.kml	12	Kalang Falls Route	26			0
Kalang_Falls_Canyon.kml	13	Kalang Falls Route	14			0
Kalang_Falls_Canyon.kml	14	Kalang Falls Route	27			0
Kalang_Falls_Canyon.kml	15	Kalang Falls Route	37			0
Kalang_Falls_Canyon.kml	16	Kalang Falls Route	23			0
Kalang_Falls_Canyon.kml	17	Kalang Falls Route	19			0
Kalang_Falls_Canyon.kml	18	Kalang Falls Route	19			0
Kalang_Falls_Canyon.kml	19	Kalang Falls Route	21			0
Kalang_Falls_Canyon.kml	20	Kalang Falls Route	20			0
Kalang_Falls_Canyon.kml	21	Kalang Falls Route	21			0
Kalang_Falls_Canyon.kml	22	Kalang Falls Route	21			0
Kalang_Falls_Canyon.kml	23	Kalang Falls Route	26			0
Kalang_Falls_Canyon.kml	24	Kalang Falls Route	26			0
Kalang_Falls_Canyon.kml	25	Kalang Falls Route	26			0
Kalang_Falls_Canyon.kml	26	Kalang Falls Route	22			0
Kalang_Falls_Canyon.kml	27	Kalang Falls Route	30			0
Kalang_Falls_Canyon.kml	28	Kalang Falls Route	21			0
Kalang_Falls_Canyon.kml	29	Kalang Falls Route	28			0
Kalang_Falls_Canyon.kml	30	Kalang Falls Route	17			0
Kalang_Falls_Canyon.kml	31	Kalang Falls Route	18			0
Kalang_Falls_Canyon.kml	32	Kalang Falls Route	18			0
Kalang_Falls_Canyon.kml	33	Kalang Falls Route	47			0
Kalang_Falls_Canyon.kml	34	Kalang Falls Route	45			0
Kalang_Falls_Canyon.kml	35	Kalang Falls Route	406			0
Kalang_Falls_Canyon.kml	36	Kalang Falls Route	166			0
Keane_Canyon.kml	0	Descent from top	1827	435.2	23.8	0
Keane_Canyon.kml	1	Shortcut Approach	646	4.2	0.7	0
Keane_Canyon.kml	2	Road to Wonder Mine	4428	-133.0	-3.0	0
Keane_Canyon.kml	3	Approach	4676	-702.1	-15.0	0
Keane_Canyon.kml	4	Descent	4511	701.9	15.6	1
Keane_Canyon.kml	5	Road Start from top	17260	-255.6	-1.5	0
Keane_Canyon.kml	6	Approach from top	3135	-198.9	-6.3	0
Keyhole_Canyon_(Zion_National_Park).kml	0	Approach	379	-54.7	-14.4	0
Keyhole_Canyon_(Zion_National_Park).kml	1	Descent	510	55.7	10.9	1
Kingsnake_(Dinosaur).kml	0	Private Property within	5594	0.1	0.0	0
Kingsnake_(Dinosaur).kml	1	Private Property within	9639	0.0	0.0	0
Kingsnake_(Dinosaur).kml	2	Kingsnake descent	2145	269.0	12.5	1
Kingsnake_(Dinosaur).kml	3	Kingsnake approach	3015	-192.7	-6.4	0
Kingsnake_(Dinosaur).kml	4	BLM Road	4352	165.1	3.8	0
Kingsnake_(Dinosaur).kml	5	Kingsnake return	4610	-440.8	-9.6	0
Larri_(Upper).kml	0	Descent	1048			0
Larri_(Upper).kml	1	Approach	4496			0
Larri_(Upper).kml	2	Exit	2597			0
Lemon_Squeezer.kml	0	Lemon Squeezer scramble	86	-55.2	-64.3	0
Lemon_Squeezer.kml	1	Lemon Squeezer Return	1529	29.8	1.9	0
Lemon_Squeezer.kml	2	Lemon Squeezer Approach	1255	21.6	1.7	0
Lenteji.kml	0	Exit	303			0
Lenteji.kml	1	Approach	1106			0
Lenteji.kml	2	Descent	1564			0
Lenteji.kml	3	Shuttle (or hitchhike)	6200			0
Leprechaun_Canyon_(West_Fork).kml	0	Upper Parking Approach	541	44.4	8.2	0
Leprechaun_Canyon_(West_Fork).kml	1	West Leprechaun Approach	894	-20.5	-2.3	0
Leprechaun_Canyon_(West_Fork).kml	2	Leprechaun Bottom-Up Approach	2445	-156.2	-6.4	0
Leprechaun_Canyon_(West_Fork).kml	3	Leprechaun - West (Left ) Fork	909	116.4	12.8	1
Leprechaun_Canyon_(West_Fork).kml	4	Leprechaun Exit	110	1.5	1.4	0
Leprechaun_Canyon_(West_Fork).kml	5	Leprechaun Exit	627	24.9	4.0	0
Llech.kml	0	Approach	1116			0
Llech.kml	1	Descent	783			0
Llech.kml	2	Exit	511			0
Lower_Bear_River_(Crack_Addiction).kml	0	Approach	817	103.1	12.6	0
Lower_Bear_River_(Crack_Addiction).kml	1	Descent	2012	205.2	10.2	1
Lower_Bear_River_(Crack_Addiction).kml	2	Dirt Road	11230	301.2	2.7	0
Lower_Bear_River_(Crack_Addiction).kml	3	Exit (1 car)	2980	-288.2	-9.7	0
Lower_Bear_River_(Crack_Addiction).kml	4	Exit (2 cars)	380	-10.8	-2.9	0
Lower_Bear_River_(Crack_Addiction).kml	5	Shortcut (not recommended)	645	-227.9	-35.3	0
M_Creek.kml	0	Approach (Tunnel Bluffs Trail)	2782	-587.3	-21.1	0
M_Creek.kml	1	Descent	1761	635.2	36.1	1
M_Creek.kml	2	Alt Approach (Brunswick Mountain Trail)	4121	-436.9	-10.6	0
Madden_Falls.kml	0	New Track 2021-08-15 08:23:15	1842	-487.1	-26.4	0
Magic_Box_Canyon.kml	0	Approach (road walk)	7606	-549.7	-7.2	0
Magic_Box_Canyon.kml	1	Exit (stream walk)	670	119.4	17.8	0
Magic_Box_Canyon.kml	2	Exit (road walk)	2364	34.0	1.4	0
Magic_Box_Canyon.kml	3	Descent	1093	319.5	29.2	1
Magic_Box_Canyon.kml	4	Approach (bushwhack)	219	77.3	35.4	0
Magic_Box_Canyon.kml	5	Approach (alternate bushwhack)	670	76.6	11.4	0
Main_Woody___Pothole_Fork_Combo.kml	0	Final Pothole Bypass	66	5.5	8.3	0
Main_Woody___Pothole_Fork_Combo.kml	1	Woody Exit	3585	-79.2	-2.2	0
Main_Woody___Pothole_Fork_Combo.kml	2	Pothole Fork Descent	599	65.1	10.9	1
Main_Woody___Pothole_Fork_Combo.kml	3	Pothole Fork Approach	451	-43.8	-9.7	0
Main_Woody___Pothole_Fork_Combo.kml	4	Main Fork Descent	870	45.7	5.3	0
Main_Woody___Pothole_Fork_Combo.kml	5	Approach to Main Fork	3206	48.7	1.5	0
Major_Mayhem.kml	0	Major Happy Place Entry	1113			0
Mascun_(Upper).kml	0	mascun superior	22112			0
Moffett_Creek.kml	0	Shortcut Bushwack	743	377.8	50.8	0
Moffett_Creek.kml	1	Exit	173	-12.4	-7.1	0
Moffett_Creek.kml	2	Exit Original	2653	-14.2	-0.5	0
Moffett_Creek.kml	3	Approach Original	11685	-611.7	-5.2	0
Moffett_Creek.kml	4	Descent	3358	626.3	18.7	1
Moffett_Creek.kml	5	Approach	4872	-554.0	-11.4	0
Monarch_Canyon.kml	0	shuttle route - 6.8 miles	10984	-398.5	-3.6	0
Monarch_Canyon.kml	1	Monarch Cyn - 2.3 miles	3702	355.9	9.6	1
Monarch_Canyon.kml	2	1.7 mi exit hike	2756	37.8	1.4	0
Mormon_Misfit.kml	0	Section 1	8249	-672.3	-8.2	0
Mormon_Misfit.kml	1	Section 2	70	1.8	2.6	0
Mormon_Misfit.kml	2	Section 3	249	213.8	85.7	1
Mormon_Misfit.kml	3	Section 4	109	157.3	144.3	0
Mormon_Misfit.kml	4	Section 5	215	138.3	64.2	0
Mormon_Misfit.kml	5	Section 6	2216	103.4	4.7	0
Mormon_Misfit.kml	6	Section 7	81	57.3	70.7	0
Mud_Spring_Canyon.kml	0	Approach	3081	-93.6	-3.0	0
Mud_Spring_Canyon.kml	1	Bypass	252	-104.7	-41.6	0
Mud_Spring_Canyon.kml	2	Descent	1340	453.5	33.8	1
Mud_Spring_Canyon.kml	3	Exit	2028	138.8	6.8	0
Mud_Spring_Canyon.kml	4	Shuttle	13666	-501.3	-3.7	0
Munra_Creek.kml	0	Walk or shuttle	639	-33.5	-5.2	0
Munra_Creek.kml	1	Approach	3344	-300.7	-9.0	0
Munra_Creek.kml	2	Descent	858	323.6	37.7	1
Munra_Creek.kml	3	Exit	498	8.9	1.8	0
Mystery_Canyon.kml	0	Road (from top)	4853	10.4	0.2	0
Mystery_Canyon.kml	1	Approach (from top)	3315	-82.5	-2.5	0
Mystery_Canyon.kml	2	Approach	6982	-744.9	-10.7	0
Mystery_Canyon.kml	3	Descent	2905	687.6	23.7	1
Mystery_Canyon.kml	4	Exit	1927	21.5	1.1	0
Napoleon_Falls.kml	0	Approach	186	-1.5	-0.8	0
Napoleon_Falls.kml	1	Descent	149	162.8	109.1	1
Napoleon_Falls.kml	2	Exit	1807	-165.1	-9.1	0
Nobe_Young_Creek.kml	0	Approach	587	34.6	5.9	0
Nobe_Young_Creek.kml	1	Descent	1400	298.6	21.3	1
Nobe_Young_Creek.kml	2	Road shuttle	5768	-333.4	-5.8	0
Oneonta_Gorge.kml	0	Descent	870	155.6	17.9	1
Oneonta_Gorge.kml	1	Exit	539	3.3	0.6	0
Oneonta_Gorge.kml	2	Approach	2806	-155.8	-5.6	0
Orderville_Canyon.kml	0	Orderville Car Shuttle	11067	-375.5	-3.4	0
Orderville_Canyon.kml	1	Orderville Car Shuttle	34486	-181.1	-0.5	0
Orderville_Canyon.kml	2	Zion Shuttle	12641	150.5	1.2	0
Orderville_Canyon.kml	3	Orderville Canyon	10799	359.3	3.3	0
Orderville_Canyon.kml	4	Exit via The Narrows	4066	59.6	1.5	0
Paria_Canyon.kml	0	Section 1	58062	353.2	0.6	0
Pictograph_Canyon.kml	0	Pictograph Canyon - Snow Canyon Approach / Exit	1318	-35.0	-2.7	0
Pictograph_Canyon.kml	1	Pictograph Canyon - Optional Descent	53	31.4	58.8	0
Pictograph_Canyon.kml	2	Pictograph Canyon - Snow Canyon Approach / Exit	142	-14.6	-10.3	0
Pictograph_Canyon.kml	3	Pictograph Canyon - Snow Canyon Approach / Exit	101	-31.4	-31.1	0
Pictograph_Canyon.kml	4	Pictograph Canyon - Snow Canyon Approach	346	-125.1	-36.2	0
Pictograph_Canyon.kml	5	Pictograph Canyon - Approach	594	-18.2	-3.1	0
Pictograph_Canyon.kml	6	Pictograph Canyon - Descent	395	143.3	36.3	1
Pictograph_Canyon.kml	7	Pictograph Canyon - Tuacahn Approach / Exit	1301	-225.2	-17.3	0
Pit_of_Despair_Canyon.kml	0	MIRACLE MAX - up - 1.4 mi	2260	-417.5	-18.5	0
Pit_of_Despair_Canyon.kml	1	FIRE SWAMP - up from S - 0.7 mi	1051	-49.8	-4.7	0
Pit_of_Despair_Canyon.kml	2	FIRE SWAMP - up - from N	302	33.6	11.1	0
Pit_of_Despair_Canyon.kml	3	CS 9. - 2-2-12 - PREPARE TO DIE CANYON -	1019	172.0	16.9	0
Pit_of_Despair_Canyon.kml	4	CS 8. - 12-7-13 - LIGHTENING SANDS CANYON - down	1288	241.3	18.7	0
Pit_of_Despair_Canyon.kml	5	CS 7. - 12-2-12 - BUTERCUP CANYON - down	863	339.6	39.3	0
Pit_of_Despair_Canyon.kml	6	CS 6. - 12-2-12 - INCONCEIVABLE CANYON - down	1650	382.1	23.2	0
Pit_of_Despair_Canyon.kml	7	CS 5. - 5-6-12 - FIRESWAMP CANYON - down	1083	382.5	35.3	0
Pit_of_Despair_Canyon.kml	8	CS 4. - 11-3-12  - CLIFFS OF INSANITY - down	945	330.7	35.0	0
Pit_of_Despair_Canyon.kml	9	CS 3. - 11-4-12 - PIT OF DESPAIR -	827	270.4	32.7	0
Pit_of_Despair_Canyon.kml	10	CS 2. - 12-8-13 - SHRIEKING EELS - down - 1.6 mi	2595	410.3	15.8	0
Pit_of_Despair_Canyon.kml	11	CS 2 - SHRIEKING EELS - up - 12-8-13 - 1.9 mi	3035	-413.9	-13.6	0
Pit_of_Despair_Canyon.kml	12	CS 12 - HUMPERDINK CANYON - down - 0.4 mi	601	178.8	29.8	0
Pit_of_Despair_Canyon.kml	13	CS 11. - 2-17-13 - MIRACLE MAX W FORK - down	635	254.6	40.1	0
Pit_of_Despair_Canyon.kml	14	CS 10. - 2-2-12  - MIRACLE MAX CANYON - down	2250	254.1	11.3	0
Pit_of_Despair_Canyon.kml	15	CS 1. - 12-9-13 - WARTHOG CANYON - down - 1.8 mi	2893	469.5	16.2	1
Pit_of_Despair_Canyon.kml	16	APPROACH 2 - 2.3 mi	3726	114.4	3.1	0
Pit_of_Despair_Canyon.kml	17	APPROACH - 1.6 MI	2548	-133.3	-5.2	0
Pit_of_Despair_Canyon.kml	18	5-6-12 - Fireswamp - up	638	-24.9	-3.9	0
Pit_of_Despair_Canyon.kml	19	12-9-13 - WARTHOG - up - 1.8 mi	2932	-464.9	-15.9	0
Pit_of_Despair_Canyon.kml	20	12-2-12 - Inconceivable - up -1.3 mi	1374	-104.9	-7.6	0
Portal_Canyon.kml	0	Approach	3499	-728.9	-20.8	0
Portal_Canyon.kml	1	Exit	1378	105.6	7.7	0
Portal_Canyon.kml	2	Descent	2110	623.5	29.5	1
Portland_Creek_(Ivans_Tail).kml	0	Descent	393	76.5	19.5	1
Portland_Creek_(Ivans_Tail).kml	1	Exit	104	-30.4	-29.4	0
Portland_Creek_(Ivans_Tail).kml	2	Approach	321	-39.4	-12.3	0
Prindle_Creek.kml	0	Approach	3139	-58.5	-1.9	0
Prindle_Creek.kml	1	Descent	159	139.7	87.6	0
Prindle_Creek.kml	2	Exit	2023	163.4	8.1	1
Prindle_Creek.kml	3	Shuttle Route	3488	-243.6	-7.0	0
Prindle_Creek.kml	4	Non-Shuttle Approach	2894	-381.6	-13.2	0
Pritchett_Canyon.kml	0	Rock of Ages Approach	2985	-133.0	-4.5	0
Pritchett_Canyon.kml	1	Rock of Ages Canyon	841	91.4	10.9	1
Pritchett_Canyon.kml	2	Rock of Ages Exit	1745	45.0	2.6	0
Prometheus_Canyon.kml	0	Section 1	1487	81.9	5.5	0
Prometheus_Canyon.kml	1	Section 2	554	6.1	1.1	0
Prometheus_Canyon.kml	2	Section 3	3430	-89.7	-2.6	0
Quail_Creek_Canyon.kml	0	Approach	3541	-70.3	-2.0	0
Quail_Creek_Canyon.kml	1	Descent	875	39.9	4.6	0
Quartzville_Creek.kml	0	Shuttle Drive	2800	-65.4	-2.3	0
Quartzville_Creek.kml	1	Approach	36	11.3	31.4	1
Quartzville_Creek.kml	2	Descent	2508	89.8	3.6	0
Quartzville_Creek.kml	3	Exit	348	-36.8	-10.6	0
Questionable_Decision_Canyon.kml	0	Descent	660	513.2	77.8	1
Questionable_Decision_Canyon.kml	1	Approach	5975	-710.0	-11.9	0
Questionable_Decision_Canyon.kml	2	Exit	2961	196.3	6.6	0
Rattlesnake_Canyon_(Joshua_Tree).kml	0	Descent	86	37.8	44.0	1
Rattlesnake_Canyon_(Joshua_Tree).kml	1	Approach	622	-62.5	-10.1	0
Rattlesnake_Canyon_(Joshua_Tree).kml	2	Exit	488	24.3	5.0	0
Red_Wall_Canyon_(West_Fork).kml	0	Red Wall Canyon - NW Fork - 0.3 mi	389	144.6	37.2	0
Red_Wall_Canyon_(West_Fork).kml	1	3-11-12 - up ridge to 2nd canyon - 1.8 mi	2924	-39.7	-1.4	0
Red_Wall_Canyon_(West_Fork).kml	2	Red Wall Canyon - 2.6 mi	4212	530.2	12.6	1
Red_Wall_Canyon_(West_Fork).kml	3	Traverse short-cut - 0.7 mi	1177	-103.7	-8.8	0
Red_Wall_Canyon_(West_Fork).kml	4	Up ridge to canyon - 1.1 mi	1844	-529.9	-28.7	0
Red_Wall_Canyon_(West_Fork).kml	5	approach to ridge ascent - 2.2 mi	3477	-309.6	-8.9	0
Red_Wall_Canyon_(West_Fork).kml	6	3-17-13 - Red Wall Cyn W Fork - 0.6 mi	1018	317.0	31.1	0
Rimrock_Canyon.kml	0	approach	755	5.9	0.8	0
Rimrock_Canyon.kml	1	descent	230	83.0	36.2	1
Rimrock_Canyon.kml	2	Rimrock Shuttle	1664	118.1	7.1	0
Rimrock_Canyon.kml	3	return	202	29.8	14.7	0
Riviere_Noire.kml	0	Approach	1651			0
Riviere_Noire.kml	1	Descent	355			0
Riviere_Noire.kml	2	Exit	1285			0
Roaring_Creek_(Upper).kml	0	Roaring Creek	3073	-338.6	-11.0	0
Robbers_Roost_Canyon.kml	0	Section 1	4064	-511.8	-12.6	0
Robbers_Roost_Canyon.kml	1	Section 2	747	332.9	44.6	1
Robbers_Roost_Canyon.kml	2	Section 3	2117	174.9	8.3	0
Rock_Creek_(California_Sierras).kml	0	Approach2	4906	-107.5	-2.2	0
Rock_Creek_(California_Sierras).kml	1	Bushwack2	1174	201.4	17.2	0
Rock_Creek_(California_Sierras).kml	2	Descent2	911	81.5	8.9	0
Rock_Creek_(California_Sierras).kml	3	Approach	5480	-644.3	-11.8	0
Rock_Creek_(California_Sierras).kml	4	Descent	3413	456.9	13.4	1
Rock_Creek_(California_Sierras).kml	5	Bushwack	549	195.1	35.5	0
Rose_Valley_Falls.kml	0	Approach	5150	-462.3	-9.0	0
Rose_Valley_Falls.kml	1	Descent	1136	422.6	37.2	1
Rose_Valley_Falls.kml	2	Exit	586	43.8	7.5	0
Rough_Canyon_(Colorado).kml	0	Rough Canyon	3806	-201.7	-5.3	0
Rough_Canyon_(Colorado).kml	1	return	3013	-202.5	-6.7	0
Rubio_Canyon.kml	0	Alt Exit	1516	4.8	0.3	0
Rubio_Canyon.kml	1	Alt View	60	-2.3	-3.8	0
Rubio_Canyon.kml	2	Approach Echo Brennen	4274	-423.1	-9.9	0
Rubio_Canyon.kml	3	Approach Echo Brennen Connector	673	-177.5	-26.4	0
Rubio_Canyon.kml	4	Approach Echo Brennen Lowe Railway	1806	-374.5	-20.7	0
Rubio_Canyon.kml	5	Approach Shortcut	1659	-262.8	-15.8	0
Rubio_Canyon.kml	6	Descent East Fork Rubio	1361	561.5	41.3	1
Rubio_Canyon.kml	7	Descent Echo Mtn	962	224.2	23.3	0
Rubio_Canyon.kml	8	Descent Rubio	400	175.4	43.9	0
Rubio_Canyon.kml	9	Exit	1046	84.3	8.1	0
Rubio_Canyon.kml	10	Shortcut drop in	37	37.7	101.1	0
Rubio_Canyon.kml	11	slide	52	-8.9	-17.4	0
Rubio_Canyon.kml	12	Approach direct ridge to Leontine	127	-39.2	-30.8	0
Rubio_Canyon.kml	13	Wrong Way	31	-6.0	-19.4	0
Ruby_Canyon.kml	0	Larp Canyon	1270	372.9	29.4	1
Ruby_Canyon.kml	1	Oak Flat Approach (approx.)	2057	-288.4	-14.0	0
Ruby_Canyon.kml	2	Ruby Canyon	1065	286.6	26.9	0
Ruby_Canyon.kml	3	Upper Ruby Canyon	1546	78.9	5.1	0
Ruby_Canyon.kml	4	Ruby canyon approach (Approx.)	6667	-256.7	-3.9	0
Ruby_Canyon.kml	5	Ruby Hike Out	18662	57.4	0.3	0
Ruckel_Creek.kml	0	Approach	4547	-360.7	-7.9	0
Ruckel_Creek.kml	1	Descent	1847	341.5	18.5	1
Ruckel_Creek.kml	2	Descent from Epiphany	1230	276.3	22.5	0
Ruckel_Creek.kml	3	Epiphany Approach	1540	10.7	0.7	0
San_Antonio_Creek.kml	0	Approach Shortcut	1235	-157.6	-12.8	0
San_Antonio_Creek.kml	1	Descent Full	1286	546.4	42.5	1
San_Antonio_Creek.kml	2	Exit	1080	67.1	6.2	0
San_Antonio_Creek.kml	3	Approach Full	3991	-616.3	-15.4	0
San_Antonio_Creek.kml	4	Descent Shortcut	150	93.3	62.3	0
Sandy_Glacier_Caves_(Snow_Dragon).kml	0	Snow Dragon Cave	508	-206.1	-40.6	0
Sandy_Glacier_Caves_(Snow_Dragon).kml	1	Approach	5135	-691.2	-13.5	0
Sandy_Glacier_Caves_(Snow_Dragon).kml	2	PCT Scenic Bypass	1788	-96.5	-5.4	0
Sandy_Glacier_Caves_(Snow_Dragon).kml	3	Traverse	1162	-40.9	-3.5	0
Scorpion_Canyon.kml	0	Approach	3036	-85.4	-2.8	0
Scorpion_Canyon.kml	1	Exit	687	36.0	5.2	0
Scorpion_Canyon.kml	2	Descent	2760	423.0	15.3	1
Scorpion_Canyon.kml	3	Shuttle	17091	-388.6	-2.3	0
Scotty_s_Canyon.kml	0	SCOTTY'S CANYON - up - 3.0 mi - THRU ASHFORD CANYON	4746	-539.7	-11.4	0
Scotty_s_Canyon.kml	1	BS 8. - 11-22-09 -  SCOTTY' CANYON - 2.6 mi	4218	574.3	13.6	1
Sean_s_River_Canyon.kml	0	Approach	1977			0
Sean_s_River_Canyon.kml	1	Descent	526			0
Sean_s_River_Canyon.kml	2	Exit	774			0
Serpent_Canyon.kml	0	SERPENT APPROACH - 1.8 mi	2874	-137.8	-4.8	0
Serpent_Canyon.kml	1	1.5 mi approach - GRAND CANYON - 11-10-12	2463	-187.6	-7.6	0
Serpent_Canyon.kml	2	1. - THE SERPENT CANYON - 11-10-12 - up - 4.9 mi - Saline 1	7818	-916.0	-11.7	0
Serpent_Canyon.kml	3	1. - GRAND CANYON - 11-10-12 -  down - Saline 1	7302	831.8	11.4	1
Serpent_s_Tail.kml	0	Serpent's Tail return	124	-3.9	-3.2	0
Serpent_s_Tail.kml	1	return to Picnic Area	137	7.4	5.4	0
Serpent_s_Tail.kml	2	Serpent's Tail approach	1389	-104.0	-7.5	0
Serpent_s_Tail.kml	3	Serpent's Tail descent	459	108.0	23.5	1
Seven_Teacups.kml	0	2WD Road	1534	91.9	6.0	0
Seven_Teacups.kml	1	4WD Road	3286	55.3	1.7	0
Seven_Teacups.kml	2	Approach	4178	-109.5	-2.6	0
Seven_Teacups.kml	3	Brennen Approach	2900	27.8	1.0	0
Seven_Teacups.kml	4	Descent	450	92.6	20.6	1
Seven_Teacups.kml	5	Exit	3950	16.9	0.4	0
Seven_Teacups.kml	6	River Walk	259	16.8	6.5	0
Shaylee_Birthday_Canyon.kml	0	Approach	3206	149.1	4.7	0
Shaylee_Birthday_Canyon.kml	1	Descent	128	27.5	21.4	1
Shaylee_Birthday_Canyon.kml	2	Exit	3080	-176.7	-5.7	0
Sheepbone_and_Quarry_Canyons_Loop.kml	0	Shuttle (Optional)	1317	-8.5	-0.6	0
Sheepbone_and_Quarry_Canyons_Loop.kml	1	Exit	1552	85.7	5.5	0
Sheepbone_and_Quarry_Canyons_Loop.kml	2	Descent Quarry	1294	192.6	14.9	1
Sheepbone_and_Quarry_Canyons_Loop.kml	3	Ascent Sheepbone	1118	-130.4	-11.7	0
Sheepbone_and_Quarry_Canyons_Loop.kml	4	Connection	566	-27.9	-4.9	0
Sheepbone_and_Quarry_Canyons_Loop.kml	5	Approach	1936	-112.0	-5.8	0
Shinob_Canyon_(Timpie_Fork).kml	0	Shinob Canyon - Approach	1905	-159.4	-8.4	0
Shinob_Canyon_(Timpie_Fork).kml	1	Shinob Canyon - Exit	437	5.7	1.3	0
Shinob_Canyon_(Timpie_Fork).kml	2	Grand Wash Road	434	7.8	1.8	0
Shinob_Canyon_(Timpie_Fork).kml	3	Shinob Canyon - Approach	787	-29.5	-3.7	0
Shinob_Canyon_(Timpie_Fork).kml	4	Timpe Fork of Shinob Canyon - Descent	425	133.5	31.4	1
Shinob_Canyon_(Timpie_Fork).kml	5	Timpe Fork of Shinob Canyon - Descent	53	20.5	38.8	0
Shinob_Canyon_(Timpie_Fork).kml	6	Shinob Canyon - Exit	527	21.5	4.1	0
Skyline_Canyon.kml	0	Skyline descent	113	104.1	91.9	1
Skyline_Canyon.kml	1	Skyline approach	515	31.2	6.1	0
Skyline_Canyon.kml	2	Skyline return	4087	213.0	5.2	0
Skyline_Canyon.kml	3	Skyline Shuttle	6768	347.0	5.1	0
Sorrosal.kml	0	Approach	275			0
Sorrosal.kml	1	Approach (1 Car)	2514			0
Sorrosal.kml	2	Approach (Upper)	646			0
Sorrosal.kml	3	Descent	1291			0
Sorrosal.kml	4	Descent (Upper)	1525			0
Sorrosal.kml	5	Escape	176			0
Sorrosal.kml	6	Exit	340			0
Sotano_de_las_Golondrinas.kml	0	Approach / Exit	539	156.0	28.9	1
Sotano_de_las_Golondrinas.kml	1	Paved Road	13849	-893.0	-6.4	0
Stafford_Creek.kml	0	Exit	709	10.5	1.5	0
Stafford_Creek.kml	1	Shuttle	5592	-238.0	-4.3	0
Stafford_Creek.kml	2	Royal Shortcut	269	55.5	20.6	0
Stafford_Creek.kml	3	Descent	1178	232.2	19.7	1
Stafford_Creek.kml	4	Old Road	931	-64.6	-6.9	0
Stafford_Creek.kml	5	Road	329	29.8	9.1	0
Stone_Plus_One.kml	0	Approach	3245	-445.7	-13.7	0
Stone_Plus_One.kml	1	Descent	1203	410.9	34.2	1
Stone_Plus_One.kml	2	Exit	1255	33.7	2.7	0
Stone_Plus_One.kml	3	Shortcut	51	35.6	70.3	0
Styx_Canyon_(South_Fork).kml	0	Upper Coffin descent	2377	434.6	18.3	0
Styx_Canyon_(South_Fork).kml	1	Approach	2331	124.8	5.4	0
Styx_Canyon_(South_Fork).kml	2	Styx descent	4563	1033.2	22.6	1
Styx_Canyon_(South_Fork).kml	3	Exit	821	63.6	7.7	0
Styx_Canyon_(South_Fork).kml	4	Shuttle route	71176	-1658.7	-2.3	0
Suicide_Canyon.kml	0	Approach	1883	-284.8	-15.1	0
Suicide_Canyon.kml	1	Descent	595	263.0	44.2	1
Suicide_Canyon.kml	2	Exit	174	6.9	3.9	0
Suicide_Canyon.kml	3	Track (11/22/20, 8:31:44AM)	1330	-263.5	-19.8	0
Sundance_Canyon.kml	0	Descent	2328	0.0	0.0	0
Tarantula_Canyon.kml	0	CN 14. - 2-1-13 - TARANTULA CANYON - down	1096	382.0	34.8	1
Tarantula_Canyon.kml	1	APPROACH TO CANYON - 6.6 mi	10548	-21.0	-0.2	0
Tarantula_Canyon.kml	2	2-1-13  - TARANTULA CANYON - up	1134	-356.5	-31.4	0
Thimble_Creek.kml	0	Approach (no shuttle)	721	-217.3	-30.1	0
Thimble_Creek.kml	1	Lower Thimble	666	221.2	33.2	0
Thimble_Creek.kml	2	Extra Bonus Descent	172	21.6	12.5	0
Thimble_Creek.kml	3	Shuttle	14864	-465.0	-3.1	0
Thimble_Creek.kml	4	Approach (shuttle)	1309	29.5	2.3	0
Thimble_Creek.kml	5	Upper Thimble	641	205.4	32.1	0
Thimble_Creek.kml	6	Alt-Exit	156	-26.9	-17.3	0
Thimble_Creek.kml	7	Approach (North Thimble)	1041	-10.7	-1.0	0
Thimble_Creek.kml	8	North Thimble	745	232.2	31.2	1
Thor_Canyon.kml	0	APPROACH - THOR - 1.3 MI	2160	-153.1	-7.1	0
Thor_Canyon.kml	1	3. - THOR CANYON -  1-1-12 - up - 1.3 mi - 1.0 mi - Eureka 3	1682	-591.2	-35.2	0
Thor_Canyon.kml	2	3. - THOR CANYON -  1-1-12 - DOWN - 1.3 mi -  Eureka 3	2165	589.9	27.3	1
Thornton_Creek.kml	0	Upper Section Approach	428	204.4	47.8	1
Thornton_Creek.kml	1	Upper Section	516	148.1	28.7	0
Thornton_Creek.kml	2	Lower Section Exit	239	-3.5	-1.5	0
Thornton_Creek.kml	3	Lower Section	363	82.9	22.9	0
Thornton_Creek.kml	4	Old Forest Road	394	-12.7	-3.2	0
Thornton_Creek.kml	5	Classic Section	584	194.7	33.4	0
Thornton_Creek.kml	6	Classic Approach	446	-117.3	-26.3	0
Thornton_Creek.kml	7	Extra Short Option	35	22.4	63.3	0
Three_Corner_Creek.kml	0	Shuttle	7662	-264.8	-3.5	0
Three_Corner_Creek.kml	1	Approach	881	168.6	19.1	1
Three_Corner_Creek.kml	2	Descent	264	86.2	32.7	0
Three_Corner_Creek.kml	3	Exit	608	1.9	0.3	0
Three_Corner_Creek.kml	4	Bushwhack Approach	2432	-86.9	-3.6	0
Three_Corner_Creek.kml	5	Alt-Exit	603	-2.8	-0.5	0
Triangulation_Creek.kml	0	Approach	984	295.5	30.0	0
Triangulation_Creek.kml	1	Alt Shuttle	11020	-685.6	-6.2	0
Triangulation_Creek.kml	2	Exit	870	75.7	8.7	0
Triangulation_Creek.kml	3	Descent	1181	306.9	26.0	1
U-Turn_Canyon.kml	0	U-Turn Descent	249	81.2	32.6	1
U-Turn_Canyon.kml	1	U-Turn Approach	163	-7.0	-4.3	0
U-Turn_Canyon.kml	2	U-Turn Exit	543	17.4	3.2	0
U-Turn_Canyon.kml	3	Approach	636	-93.4	-14.7	0
U-Turn_Canyon.kml	4	Park Avenue Trail Exit	88	1.8	2.1	0
Upper_Black_Dragon_Wash.kml	0	Approach	1222	-26.6	-2.2	0
Upper_Black_Dragon_Wash.kml	1	Descent	981	61.8	6.3	0
Upper_Black_Dragon_Wash.kml	2	Exit	145	-34.9	-24.1	0
Urumbilum_Canyon.kml	0	Urumbilum	10827			0
Vero.kml	0	Exit	85			0
Vero.kml	1	Shuttle (or hitchhike)	16596			0
Vero.kml	2	Approach	397			0
Vero.kml	3	Descent	10274			0
Vivian_Creek.kml	0	approach trail	2353	-314.0	-13.3	0
Vivian_Creek.kml	1	technical section	466	267.8	57.5	1
Vivian_Creek.kml	2	exit hike	469	33.9	7.2	0
Wallace_River_Canyon.kml	0	Descent	1209	319.9	26.5	1
Wallace_River_Canyon.kml	1	Possible Exit	32	-15.4	-47.9	0
Wallace_River_Canyon.kml	2	Possible Exit 2	34	-9.0	-26.4	0
Wallace_River_Canyon.kml	3	Exit	2360	77.0	3.3	0
Wallace_River_Canyon.kml	4	Approach	4106	-398.4	-9.7	0
Wallanding_Creek.kml	0	Approach	255	148.5	58.1	1
Wallanding_Creek.kml	1	Hike or Shuttle	848	-88.2	-10.4	0
Wallanding_Creek.kml	2	Descent	373	79.6	21.3	0
Wallanding_Creek.kml	3	Exit	555	-135.7	-24.5	0
Wallanding_Creek.kml	4	Approach - Drive	10170	-401.0	-3.9	0
Water_Canyon_(Zion_National_Park).kml	0	Drop in	348	56.3	16.2	0
Water_Canyon_(Zion_National_Park).kml	1	Descent	1004	175.0	17.4	1
Water_Canyon_(Zion_National_Park).kml	2	Section 3	2572	-402.3	-15.6	0
Water_Canyon_(Zion_National_Park).kml	3	Section 4	240	-2.5	-1.1	0
Water_Canyon_(Zion_National_Park).kml	4	Section 5	32	7.2	22.6	0
Watson_s_Creek_Canyon.kml	0	Exit	1436			0
Watson_s_Creek_Canyon.kml	1	Descent	308			0
Watson_s_Creek_Canyon.kml	2	Approach	1184			0
Watson_s_Creek_Canyon.kml	3	Optional Exit under cliffline	194			0
Whale_Creek.kml	0	Descent	1096	365.6	33.4	1
Whale_Creek.kml	1	Exit	696	104.2	15.0	0
Whale_Creek.kml	2	Shuttle Drive	29187	-609.5	-2.1	0
Whale_Creek.kml	3	Approach	422	129.8	30.8	0
Whitetop_Canyon.kml	0	CN 5. - 3-10-12  - WHITETOP CANYON - down - 5.1 mi	8191	911.7	11.1	1
Whitetop_Canyon.kml	1	3-10-12 - WHITETOP CANYON - up - 3.5 mi	5562	-917.6	-16.5	0
Whitetop_Canyon.kml	2	3-10-12 - WHITETOP CANYON - 3.9 mi approach	6230	-346.9	-5.6	0
Woodsy_Canyon.kml	0	Approach / Exit	1163	50.5	4.3	0
Woodsy_Canyon.kml	1	Woodsy and Wood Bee Approach	1021	-18.9	-1.9	0
Woodsy_Canyon.kml	2	Woodsy Slot	379	43.0	11.3	1
Woodsy_Canyon.kml	3	Woodsy Slot Approach	527	0.4	0.1	0
Woodsy_Canyon.kml	4	Exit	216	4.5	2.1	0
Woodsy_Canyon.kml	5	Exit	983	20.1	2.0	0
Yankee_Doodle_Hollow.kml	0	Approach	117	9.9	8.5	0
Yankee_Doodle_Hollow.kml	1	Descent	497	42.7	8.6	1
Yankee_Doodle_Hollow.kml	2	Exit	527	-56.0	-10.6	0
Yankee_Doodle_Hollow.kml	3	Alt Approach	191	5.1	2.7	0
Yankee_Doodle_Hollow.kml	4	Alt Descent	126	26.1	20.8	0
Zebra_Canyon.kml	0	Z Approach main trail	3188	59.7	1.9	0
Zebra_Canyon.kml	1	Z Exit main trail	3217	-59.7	-1.9	0
Zebra_Canyon.kml	2	Z Exit Tunnel to Main	1932	-6.5	-0.3	0
Zebra_Canyon.kml	3	Z Tunnel Canyon	615	30.6	5.0	0
Zebra_Canyon.kml	4	Z Zebra Approach	730	-2.1	-0.3	0
Zebra_Canyon.kml	5	Z Zebra Canyon	334	0.0	0.0	0
Zebra_Canyon.kml	6	Z Zebra to Tunnel Connection	640	-22.0	-3.4	0
Zemola.kml	0	Approach	480			0
Zemola.kml	1	Descent	1391			0
Zemola.kml	2	Escape	417			0
Zemola.kml	3	Exit	355			0
